paper,figure,source_url,note
"Curtis et al. (2026) — A Spectral Framework for Testing the Quasi-Star Hypothesis in Little Red Dots I: Weighing LRDs by Their Super-Eddington Luminosity Ratios—No Signs of Overmassive Black Holes","Figure 1: late-stage quasi-star cartoon",https://arxiv.org/abs/2609.09265,"Schematic confirmed; a stable direct image URL was not identified during the initial search."
"Modelevsky et al. (2026) — Emission line formation in scattering dominated media: implications for LRDs","Figure 1: backlit / reflected / intrinsic line-formation schematic",https://arxiv.org/abs/2608.05283,"Schematic confirmed; direct image URL still to be added."
"Amaro Seoane (2026) — A dust-free hierarchically nested supermassive-star model for James Webb Space Telescope Little Red Dots","Figure 1: evolutionary timeline",https://arxiv.org/abs/2607.20617,"Schematic confirmed; direct image URL still to be added."
"Kritos & Silk (2025) — From nuclear star clusters to Little Red Dots: black hole growth, mergers, and tidal disruptions","Figure 4 (left): spherical nuclear-cluster cartoon",https://arxiv.org/abs/2510.21709,"Schematic panel confirmed; a stable standalone image has not yet been added."
"Guo et al. (2026) — Supermassive Primordial Black Holes from a Catalyzed Dark Phase Transition for Little Red Dots","Figure 1: catalyzed phase-transition schematic",https://arxiv.org/abs/2604.01304,"Schematic identified; direct image URL still to be added."
"Peng (2026) — A Unified Explanation for JWST Little Red Dots and High-Redshift Low-Mass Disk-like Galaxies: Prolate Galaxies Viewed End-on vs Side-on","Figure 1: end-on / side-on architecture schematic",https://arxiv.org/abs/2603.01668,"Schematic identified; direct image URL still to be added."
"Naidu et al. (2026, Nature) — A gas-enshrouded and gas-reddened black hole at cosmic dawn","Figure 3: gas-enshrouded black-hole schematic",https://www.nature.com/articles/s41586-026-10846-4,"Schematic confirmed on the publisher page; add a locally permitted image file or a stable image URL before enabling it."
"Liu et al. (2025) — The Balmer Break and Optical Continuum of Little Red Dots from Super-Eddington Accretion","Figure 1: thin-disk vs spherical/turbulent accretion cartoon",https://arxiv.org/abs/2507.07190,"Schematic confirmed; a stable direct image URL was not identified during the initial search."
"Ashall et al. (2026) — Can Little Red Dots Contribute To The Early Universe Cosmic Dust Budget?","Figure 1: inner fast wind + dense outer flow + dust-formation schematic",https://arxiv.org/abs/2608.29011,"Schematic confirmed; direct image URL still to be added."
